{"nodes":{"node:1":{"location":{"x":100,"y":100}},"node:10":{"location":{"x":700,"y":100}},"node:13":{"location":{"x":100,"y":220}},"node:16":{"location":{"x":300,"y":220}},"node:19":{"location":{"x":500,"y":220}},"node:22":{"location":{"x":700,"y":220}},"node:25":{"location":{"x":100,"y":340}},"node:28":{"location":{"x":300,"y":340}},"node:4":{"location":{"x":300,"y":100}},"node:7":{"location":{"x":500,"y":100}}},"selection":["node:16"],"view":{"scroll":{"x":132.529937744140625,"y":76.6944351196289062},"visible_rect":{"max":{"x":1053.1212158203125,"y":378.37939453125},"min":{"x":127.05169677734375,"y":73.524200439453125}},"zoom":1.04311823844909668}}