{"nodes":{"node:1":{"location":{"x":100,"y":100}},"node:4":{"location":{"x":99,"y":201}},"node:7":{"location":{"x":99,"y":25}}},"selection":null,"view":{"scroll":{"x":-294.272430419921875,"y":-92.2552032470703125},"visible_rect":{"max":{"x":1835.958251953125,"y":1007.8492431640625},"min":{"x":-804.3021240234375,"y":-252.150894165039062}},"zoom":0.365873008966445923}}