{"nodes":{"node:1":{"location":{"x":-76,"y":41}},"node:10":{"location":{"x":465,"y":73}},"node:13":{"location":{"x":100,"y":220}},"node:16":{"location":{"x":-220,"y":-247}},"node:19":{"location":{"x":-220,"y":-167}},"node:22":{"location":{"x":-220,"y":-87}},"node:25":{"location":{"x":-223,"y":-7}},"node:28":{"location":{"x":-76,"y":121}},"node:4":{"location":{"x":275,"y":-103}},"node:7":{"location":{"x":499,"y":-39}}},"selection":null,"view":{"scroll":{"x":-345.844512939453125,"y":-162.296615600585938},"visible_rect":{"max":{"x":904.61163330078125,"y":358.43145751953125},"min":{"x":-602.622802734375,"y":-282.79656982421875}},"zoom":0.573898792266845703}}