{"nodes":{"node:1":{"location":{"x":531,"y":633}},"node:10":{"location":{"x":-332,"y":185}},"node:13":{"location":{"x":-348,"y":297}},"node:16":{"location":{"x":387,"y":-311}},"node:19":{"location":{"x":387,"y":-231}},"node:22":{"location":{"x":387,"y":-151}},"node:25":{"location":{"x":83,"y":617}},"node:28":{"location":{"x":-42,"y":617}},"node:31":{"location":{"x":-143,"y":16}},"node:34":{"location":{"x":-95,"y":-215}},"node:37":{"location":{"x":145,"y":-279}},"node:4":{"location":{"x":755,"y":265}},"node:40":{"location":{"x":97,"y":-167}},"node:7":{"location":{"x":739,"y":105}}},"selection":null,"view":{"scroll":{"x":-335.450103759765625,"y":-133.520248413085938},"visible_rect":{"max":{"x":1747.1788330078125,"y":604.4764404296875},"min":{"x":-1869.2122802734375,"y":-744.00836181640625}},"zoom":0.179460674524307251}}