{"nodes":{"node:1":{"location":{"x":113,"y":153}},"node:25":{"location":{"x":100,"y":100}},"node:28":{"location":{"x":300,"y":100}},"node:31":{"location":{"x":257,"y":-39}},"node:4":{"location":{"x":321,"y":-39}},"node:7":{"location":{"x":545,"y":153}}},"selection":["link:34"],"view":{"scroll":{"x":-134.420196533203125,"y":-81.6919631958007812},"visible_rect":{"max":{"x":741.8834228515625,"y":284.630523681640625},"min":{"x":-113.7650146484375,"y":-69.139068603515625}},"zoom":1.18156003952026367}}