{"nodes":{"node:1":{"location":{"x":-620,"y":-119}},"node:4":{"location":{"x":-623,"y":89}},"node:7":{"location":{"x":-399,"y":25}}},"selection":["link:15"],"view":{"scroll":{"x":-403.9759521484375,"y":-151.019424438476562},"visible_rect":{"max":{"x":-3.951904296875,"y":311.961151123046875},"min":{"x":-807.951904296875,"y":-302.038848876953125}},"zoom":0.5}}