{"nodes":{"node:1":{"location":{"x":-412,"y":-311}},"node:4":{"location":{"x":-236,"y":-407}},"node:7":{"location":{"x":-239,"y":-263}}},"selection":["link:11"],"view":{"scroll":{"x":-459.58203125,"y":-453.203338623046875},"visible_rect":{"max":{"x":-97.58203125,"y":-135.203338623046875},"min":{"x":-459.58203125,"y":-453.203338623046875}},"zoom":1}}