{"nodes":{"node:1":{"location":{"x":-700,"y":-151}},"node:4":{"location":{"x":-831,"y":-231}},"node:7":{"location":{"x":-828,"y":-39}}},"selection":null,"view":{"scroll":{"x":-1050.74853515625,"y":-268.974517822265625},"visible_rect":{"max":{"x":-391.74853515625,"y":28.025482177734375},"min":{"x":-1050.74853515625,"y":-268.974517822265625}},"zoom":1}}