{"nodes":{"node:1":{"location":{"x":531,"y":633}},"node:10":{"location":{"x":-332,"y":185}},"node:13":{"location":{"x":-348,"y":297}},"node:16":{"location":{"x":387,"y":-311}},"node:19":{"location":{"x":387,"y":-231}},"node:22":{"location":{"x":387,"y":-151}},"node:25":{"location":{"x":83,"y":617}},"node:28":{"location":{"x":-42,"y":617}},"node:31":{"location":{"x":-143,"y":16}},"node:34":{"location":{"x":-95,"y":-215}},"node:37":{"location":{"x":145,"y":-279}},"node:4":{"location":{"x":755,"y":265}},"node:40":{"location":{"x":97,"y":-167}},"node:7":{"location":{"x":739,"y":105}}},"selection":null,"view":{"scroll":{"x":-339.41485595703125,"y":-73.2462692260742188},"visible_rect":{"max":{"x":3424.54052734375,"y":889.167236328125},"min":{"x":-2308.1298828125,"y":-498.098114013671875}},"zoom":0.147051885724067688}}