{"nodes":{"node:1":{"location":{"x":353,"y":25}},"node:10":{"location":{"x":577,"y":89}},"node:4":{"location":{"x":163,"y":105}},"node:7":{"location":{"x":355,"y":217}}},"selection":null,"view":{"scroll":{"x":63.4451179504394531,"y":250.398086547851562},"visible_rect":{"max":{"x":918.0765380859375,"y":371.63201904296875},"min":{"x":36.64642333984375,"y":144.631988525390625}},"zoom":1.7312772274017334}}