{"nodes":{"node:1":{"location":{"x":353,"y":9}},"node:10":{"location":{"x":0,"y":0}},"node:13":{"location":{"x":0,"y":0}},"node:4":{"location":{"x":217,"y":111}},"node:7":{"location":{"x":0,"y":0}}},"selection":["node:4"],"view":{"scroll":{"x":-131.032913208007812,"y":-171.199905395507812},"visible_rect":{"max":{"x":860.0869140625,"y":363.2314453125},"min":{"x":-187.530563354492188,"y":-245.01641845703125}},"zoom":0.698728322982788086}}