{"nodes":{"node:1":{"location":{"x":147,"y":-167}},"node:10":{"location":{"x":700,"y":100}},"node:13":{"location":{"x":100,"y":220}},"node:16":{"location":{"x":300,"y":220}},"node:19":{"location":{"x":500,"y":220}},"node:22":{"location":{"x":700,"y":220}},"node:25":{"location":{"x":100,"y":340}},"node:28":{"location":{"x":275,"y":393}},"node:31":{"location":{"x":513,"y":425}},"node:34":{"location":{"x":700,"y":340}},"node:37":{"location":{"x":100,"y":460}},"node:4":{"location":{"x":300,"y":100}},"node:40":{"location":{"x":300,"y":460}},"node:7":{"location":{"x":577,"y":-119}},"node:95":{"location":{"x":-60,"y":9}},"node:98":{"location":{"x":81,"y":9}}},"selection":["link:101"],"view":{"scroll":{"x":16.0045680999755859,"y":-165.76513671875},"visible_rect":{"max":{"x":266.403717041015625,"y":100.987907409667969},"min":{"x":12.8036565780639648,"y":-132.612136840820312}},"zoom":1.2499997615814209}}