{"nodes":{"node:1":{"location":{"x":-76,"y":41}},"node:10":{"location":{"x":465,"y":73}},"node:13":{"location":{"x":100,"y":220}},"node:16":{"location":{"x":-220,"y":-247}},"node:19":{"location":{"x":-220,"y":-167}},"node:22":{"location":{"x":-220,"y":-87}},"node:25":{"location":{"x":-223,"y":-7}},"node:28":{"location":{"x":-76,"y":121}},"node:4":{"location":{"x":275,"y":-103}},"node:7":{"location":{"x":499,"y":-39}}},"selection":null,"view":{"scroll":{"x":-112.067283630371094,"y":56.5943641662597656},"visible_rect":{"max":{"x":1319.1478271484375,"y":428.02813720703125},"min":{"x":-169.741363525390625,"y":85.719970703125}},"zoom":0.660223782062530518}}