{"nodes":{"node:1":{"location":{"x":1,"y":105}},"node:4":{"location":{"x":0,"y":0}},"node:7":{"location":{"x":0,"y":0}}},"selection":null,"view":{"scroll":{"x":83.554931640625,"y":208.766464233398438},"visible_rect":{"max":{"x":505.98895263671875,"y":293.62786865234375},"min":{"x":39.7141265869140625,"y":99.227874755859375}},"zoom":2.10390949249267578}}