{"nodes":{"node:1":{"location":{"x":353,"y":25}},"node:10":{"location":{"x":579,"y":105}},"node:4":{"location":{"x":163,"y":105}},"node:7":{"location":{"x":355,"y":217}}},"selection":null,"view":{"scroll":{"x":-403.9150390625,"y":-4.24209976196289062},"visible_rect":{"max":{"x":864.16729736328125,"y":299.399688720703125},"min":{"x":-311.072845458984375,"y":-3.26702880859375}},"zoom":1.29845798015594482}}