{"nodes":{"node:1":{"location":{"x":353,"y":9}},"node:10":{"location":{"x":563,"y":57}},"node:13":{"location":{"x":547,"y":153}},"node:4":{"location":{"x":163,"y":105}},"node:7":{"location":{"x":355,"y":217}}},"selection":["link:25"],"view":{"scroll":{"x":-170.93743896484375,"y":-20.5359954833984375},"visible_rect":{"max":{"x":808.87017822265625,"y":320.621307373046875},"min":{"x":-181.19903564453125,"y":-21.768798828125}},"zoom":0.943368375301361084}}