{"nodes":{"node:1":{"location":{"x":129,"y":105}},"node:4":{"location":{"x":129,"y":217}}},"selection":null,"view":{"scroll":{"x":-90.7683868408203125,"y":102.0556640625},"visible_rect":{"max":{"x":454.585296630859375,"y":411.244537353515625},"min":{"x":-72.6147079467773438,"y":81.64453125}},"zoom":1.25}}