{"nodes":{"node:1":{"location":{"x":100,"y":100}},"node:10":{"location":{"x":700,"y":100}},"node:13":{"location":{"x":100,"y":220}},"node:16":{"location":{"x":300,"y":220}},"node:19":{"location":{"x":500,"y":220}},"node:22":{"location":{"x":700,"y":220}},"node:25":{"location":{"x":100,"y":340}},"node:28":{"location":{"x":300,"y":340}},"node:31":{"location":{"x":500,"y":340}},"node:34":{"location":{"x":700,"y":340}},"node:37":{"location":{"x":100,"y":460}},"node:4":{"location":{"x":300,"y":100}},"node:40":{"location":{"x":300,"y":460}},"node:7":{"location":{"x":500,"y":100}}},"selection":null,"view":{"scroll":{"x":-172.376708984375,"y":25.33782958984375},"visible_rect":{"max":{"x":953.24658203125,"y":522.6756591796875},"min":{"x":-344.75341796875,"y":50.6756591796875}},"zoom":0.5}}