{"nodes":{"node:1":{"location":{"x":129,"y":41}},"node:4":{"location":{"x":129,"y":169}}},"selection":["node:4"],"view":{"scroll":{"x":-415.82440185546875,"y":88.3656997680664062},"visible_rect":{"max":{"x":768.17572021484375,"y":289.36572265625},"min":{"x":-415.824462890625,"y":88.3657073974609375}},"zoom":0.999999880790710449}}