{"nodes":{"node:1":{"location":{"x":-76,"y":41}},"node:10":{"location":{"x":465,"y":73}},"node:13":{"location":{"x":100,"y":220}},"node:16":{"location":{"x":-220,"y":-247}},"node:19":{"location":{"x":-220,"y":-167}},"node:22":{"location":{"x":-220,"y":-87}},"node:25":{"location":{"x":-223,"y":-7}},"node:28":{"location":{"x":-76,"y":121}},"node:4":{"location":{"x":275,"y":-103}},"node:7":{"location":{"x":499,"y":-39}}},"selection":["link:45"],"view":{"scroll":{"x":-246.126861572265625,"y":-58.8259811401367188},"visible_rect":{"max":{"x":317.164215087890625,"y":261.56536865234375},"min":{"x":-328.169189453125,"y":-78.4346542358398438}},"zoom":0.749999880790710449}}