{"nodes":{"node:1":{"location":{"x":353,"y":9}},"node:10":{"location":{"x":563,"y":57}},"node:13":{"location":{"x":547,"y":153}},"node:4":{"location":{"x":163,"y":105}},"node:7":{"location":{"x":355,"y":217}}},"selection":["link:25"],"view":{"scroll":{"x":-170.938125610351562,"y":-20.5360202789306641},"visible_rect":{"max":{"x":808.86968994140625,"y":320.621368408203125},"min":{"x":-181.199798583984375,"y":-21.768829345703125}},"zoom":0.943368136882781982}}