{"nodes":{"node:1":{"location":{"x":-76,"y":41}},"node:10":{"location":{"x":465,"y":73}},"node:13":{"location":{"x":100,"y":220}},"node:16":{"location":{"x":-220,"y":-247}},"node:19":{"location":{"x":-220,"y":-167}},"node:22":{"location":{"x":-220,"y":-87}},"node:25":{"location":{"x":-223,"y":-7}},"node:28":{"location":{"x":-76,"y":121}},"node:4":{"location":{"x":275,"y":-103}},"node:7":{"location":{"x":499,"y":-39}}},"selection":null,"view":{"scroll":{"x":-26.236083984375,"y":-97.7016754150390625},"visible_rect":{"max":{"x":-46.9365653991699219,"y":588.2994384765625},"min":{"x":-120.303001403808594,"y":-448.001495361328125}},"zoom":0.218083366751670837}}