{"nodes":{"node:1":{"location":{"x":100,"y":100}},"node:10":{"location":{"x":700,"y":100}},"node:13":{"location":{"x":100,"y":220}},"node:16":{"location":{"x":300,"y":220}},"node:19":{"location":{"x":500,"y":220}},"node:22":{"location":{"x":700,"y":220}},"node:25":{"location":{"x":100,"y":340}},"node:28":{"location":{"x":300,"y":340}},"node:4":{"location":{"x":300,"y":100}},"node:7":{"location":{"x":500,"y":100}}},"selection":null,"view":{"scroll":{"x":-356.70330810546875,"y":30.5976924896240234},"visible_rect":{"max":{"x":1172.841796875,"y":671.01947021484375},"min":{"x":-686.6220703125,"y":58.8978271484375}},"zoom":0.5195046067237854}}